-- phpMyAdmin SQL Dump
-- version 5.0.2
-- https://www.phpmyadmin.net/
--
-- Хост: 127.0.0.1:3306
-- Время создания: Мар 24 2021 г., 15:58
-- Версия сервера: 10.3.22-MariaDB
-- Версия PHP: 7.4.5

SET SQL_MODE = "NO_AUTO_VALUE_ON_ZERO";
START TRANSACTION;
SET time_zone = "+00:00";


/*!40101 SET @OLD_CHARACTER_SET_CLIENT=@@CHARACTER_SET_CLIENT */;
/*!40101 SET @OLD_CHARACTER_SET_RESULTS=@@CHARACTER_SET_RESULTS */;
/*!40101 SET @OLD_COLLATION_CONNECTION=@@COLLATION_CONNECTION */;
/*!40101 SET NAMES utf8mb4 */;

--
-- База данных: `dump5`
--

-- --------------------------------------------------------

--
-- Структура таблицы `cities`
--

CREATE TABLE `cities` (
  `id` int(11) NOT NULL,
  `name` varchar(100) COLLATE utf8mb4_unicode_ci NOT NULL
) ENGINE=InnoDB DEFAULT CHARSET=utf8mb4 COLLATE=utf8mb4_unicode_ci;

--
-- Дамп данных таблицы `cities`
--

INSERT INTO `cities` (`id`, `name`) VALUES
(1, 'Minsk'),
(2, 'Gomel'),
(3, 'Hrodna'),
(4, 'Baranovichi'),
(5, 'Brest'),
(6, 'Zhlobin'),
(7, 'Vitebsk'),
(8, 'Krugloe');

-- --------------------------------------------------------

--
-- Структура таблицы `persons`
--

CREATE TABLE `persons` (
  `id` int(11) NOT NULL,
  `city_id` int(11) NOT NULL,
  `fullname` varchar(50) COLLATE utf8mb4_unicode_ci NOT NULL
) ENGINE=InnoDB DEFAULT CHARSET=utf8mb4 COLLATE=utf8mb4_unicode_ci;

--
-- Дамп данных таблицы `persons`
--

INSERT INTO `persons` (`id`, `city_id`, `fullname`) VALUES
(1, 5, 'Ivan Petrov'),
(2, 3, 'Sebastian Haponenka'),
(3, 3, 'Vasil Lutsevich'),
(4, 2, 'Leo Klimovich'),
(5, 7, 'Matea Kezhman'),
(6, 8, 'Alex Marshall'),
(7, 3, 'Bilbo Beggins');

-- --------------------------------------------------------

--
-- Структура таблицы `transactions`
--

CREATE TABLE `transactions` (
  `transaction_id` int(11) NOT NULL,
  `from_person_id` int(11) NOT NULL,
  `to_person_id` int(11) NOT NULL,
  `amount` decimal(10,4) NOT NULL
) ENGINE=InnoDB DEFAULT CHARSET=utf8mb4 COLLATE=utf8mb4_unicode_ci;

--
-- Дамп данных таблицы `transactions`
--

INSERT INTO `transactions` (`transaction_id`, `from_person_id`, `to_person_id`, `amount`) VALUES
(1, 4, 2, '10.0000'),
(2, 2, 3, '7.0000'),
(3, 5, 2, '12.5400'),
(4, 4, 7, '13.0000'),
(5, 3, 1, '8.2300'),
(6, 1, 3, '12.3000'),
(7, 2, 5, '3.1200');

--
-- Индексы сохранённых таблиц
--

--
-- Индексы таблицы `cities`
--
ALTER TABLE `cities`
  ADD PRIMARY KEY (`id`);

--
-- Индексы таблицы `persons`
--
ALTER TABLE `persons`
  ADD PRIMARY KEY (`id`);

--
-- Индексы таблицы `transactions`
--
ALTER TABLE `transactions`
  ADD PRIMARY KEY (`transaction_id`);

--
-- AUTO_INCREMENT для сохранённых таблиц
--

--
-- AUTO_INCREMENT для таблицы `cities`
--
ALTER TABLE `cities`
  MODIFY `id` int(11) NOT NULL AUTO_INCREMENT, AUTO_INCREMENT=9;

--
-- AUTO_INCREMENT для таблицы `persons`
--
ALTER TABLE `persons`
  MODIFY `id` int(11) NOT NULL AUTO_INCREMENT, AUTO_INCREMENT=8;

--
-- AUTO_INCREMENT для таблицы `transactions`
--
ALTER TABLE `transactions`
  MODIFY `transaction_id` int(11) NOT NULL AUTO_INCREMENT, AUTO_INCREMENT=8;
COMMIT;

/*!40101 SET CHARACTER_SET_CLIENT=@OLD_CHARACTER_SET_CLIENT */;
/*!40101 SET CHARACTER_SET_RESULTS=@OLD_CHARACTER_SET_RESULTS */;
/*!40101 SET COLLATION_CONNECTION=@OLD_COLLATION_CONNECTION */;
